device_id,session_id,timestamp,ear,yaw,pitch,blink_rate,risk_score,state,id
vehicle_001,0cb2e1b2-c2b7-42e7-9635-fe918600de7f,2026-02-21T03:51:30.864727,0,0,0,0,0,NO FACE,1
vehicle_001,0cb2e1b2-c2b7-42e7-9635-fe918600de7f,2026-02-21T03:51:31.906338,0.35858049142539905,0.5416617382890528,163.32186607232026,0,0,ATTENTIVE,2
vehicle_001,0cb2e1b2-c2b7-42e7-9635-fe918600de7f,2026-02-21T03:51:32.910386,0.36210777175155096,-10.913992614751658,168.00728125629516,0,0.4,DISTRACTED,3
vehicle_001,0cb2e1b2-c2b7-42e7-9635-fe918600de7f,2026-02-21T03:51:33.936695,0.31281324854688286,-11.567439990878404,173.14111166378737,0,0.4,DISTRACTED,4
vehicle_001,0cb2e1b2-c2b7-42e7-9635-fe918600de7f,2026-02-21T03:51:34.961221,0.13284466832530262,-6.838426559403123,171.99114538729634,0,1,DISTRACTED,5
vehicle_001,0cb2e1b2-c2b7-42e7-9635-fe918600de7f,2026-02-21T03:51:35.964262,0.31248155169789193,-10.018813229316946,172.45430742023825,1,0.4,DISTRACTED,6
vehicle_001,0cb2e1b2-c2b7-42e7-9635-fe918600de7f,2026-02-21T03:51:36.970719,0.3025008699252198,-14.655426664899876,173.86121666786863,1,0.4,DISTRACTED,7
vehicle_001,0cb2e1b2-c2b7-42e7-9635-fe918600de7f,2026-02-21T03:51:37.974351,0.3207121245335609,-17.6272140780473,174.57027871840037,1,0.4,DISTRACTED,8
vehicle_001,0cb2e1b2-c2b7-42e7-9635-fe918600de7f,2026-02-21T03:51:39.000210,0.3449440711199936,-25.59581370825234,171.98075729557902,1,0.4,DISTRACTED,9
vehicle_001,0cb2e1b2-c2b7-42e7-9635-fe918600de7f,2026-02-21T03:51:40.018428,0.30261261317258137,-9.926392269261804,172.7169449304508,1,0.4,DISTRACTED,10
vehicle_001,0cb2e1b2-c2b7-42e7-9635-fe918600de7f,2026-02-21T03:51:41.041469,0.29264917813361113,-4.569349347653081,174.61913914103053,1,0.4,DISTRACTED,11
vehicle_001,0cb2e1b2-c2b7-42e7-9635-fe918600de7f,2026-02-21T03:51:42.066793,0.299904371550222,-14.118618953372597,174.74423705291096,1,0.4,DISTRACTED,12
vehicle_001,0cb2e1b2-c2b7-42e7-9635-fe918600de7f,2026-02-21T03:51:43.090834,0.27473226928547384,-10.352791391873662,173.09549798620472,1,0.4,DISTRACTED,13
vehicle_001,0cb2e1b2-c2b7-42e7-9635-fe918600de7f,2026-02-21T03:51:44.117174,0.2707077614302241,-8.36542618204363,173.84075947940622,1,0.4,DISTRACTED,14
vehicle_001,0cb2e1b2-c2b7-42e7-9635-fe918600de7f,2026-02-21T03:51:45.141058,0.27603327362805447,-8.565177797026134,174.39360799884628,1,0.4,DISTRACTED,15
vehicle_001,0cb2e1b2-c2b7-42e7-9635-fe918600de7f,2026-02-21T03:51:46.201330,0.27933502187630227,-9.617901188603843,174.83625310931666,1,0.4,DISTRACTED,16
vehicle_001,0cb2e1b2-c2b7-42e7-9635-fe918600de7f,2026-02-21T03:51:47.227418,0.2762099291643785,-9.599980151519519,174.26911086772267,1,0.4,DISTRACTED,17
vehicle_001,0cb2e1b2-c2b7-42e7-9635-fe918600de7f,2026-02-21T03:51:48.264328,0.2559254802941491,-11.239415587848159,173.94860510402302,1,0.4,DISTRACTED,18
vehicle_001,0cb2e1b2-c2b7-42e7-9635-fe918600de7f,2026-02-21T03:51:49.288952,0.2655047633763998,-13.80072395838177,174.05164361032843,1,0.4,DISTRACTED,19
vehicle_001,0cb2e1b2-c2b7-42e7-9635-fe918600de7f,2026-02-21T03:51:50.357564,0.2550948449279953,-15.631544998724346,174.1312184477023,1,0.4,DISTRACTED,20
vehicle_001,0cb2e1b2-c2b7-42e7-9635-fe918600de7f,2026-02-21T03:51:51.372706,0.2581167500603685,-17.131810983482506,172.89259014131397,1,0.4,DISTRACTED,21
vehicle_001,0cb2e1b2-c2b7-42e7-9635-fe918600de7f,2026-02-21T03:51:52.393271,0.25585434136709684,-18.062999336779768,173.51462499672795,1,0.4,DISTRACTED,22
vehicle_001,0cb2e1b2-c2b7-42e7-9635-fe918600de7f,2026-02-21T03:51:53.458006,0.25331502808510264,-13.280967730267445,172.13686565305852,1,0.4,DISTRACTED,23
vehicle_001,0cb2e1b2-c2b7-42e7-9635-fe918600de7f,2026-02-21T03:51:54.472104,0.27232010744018353,-9.741830196787273,169.3566678562632,1,0.4,DISTRACTED,24
vehicle_001,0cb2e1b2-c2b7-42e7-9635-fe918600de7f,2026-02-21T03:51:55.496824,0.2970883926055986,-8.388162530732064,172.74435382042313,1,0.4,DISTRACTED,25
vehicle_001,0cb2e1b2-c2b7-42e7-9635-fe918600de7f,2026-02-21T03:51:56.523128,0.05959930764728457,-12.937946439145135,171.18483866002924,1,0.4,DISTRACTED,26
vehicle_001,0cb2e1b2-c2b7-42e7-9635-fe918600de7f,2026-02-21T03:51:57.548580,0.3166020684495815,-10.043081218815756,174.66692637246166,2,0.4,DISTRACTED,27
vehicle_001,0cb2e1b2-c2b7-42e7-9635-fe918600de7f,2026-02-21T03:51:58.573175,0.3032665845134051,-19.32979774898761,172.06535937997475,2,0.4,DISTRACTED,28
vehicle_001,0cb2e1b2-c2b7-42e7-9635-fe918600de7f,2026-02-21T03:51:59.583582,0.2938618624117384,-5.821742217148836,172.88952905685343,2,0.4,DISTRACTED,29
vehicle_001,0cb2e1b2-c2b7-42e7-9635-fe918600de7f,2026-02-21T03:52:00.594278,0.2832525580576558,-7.17521098270328,173.53003629410327,2,0.4,DISTRACTED,30
vehicle_001,0cb2e1b2-c2b7-42e7-9635-fe918600de7f,2026-02-21T03:52:01.614428,0.2833771216704668,-13.104771924310661,177.35840345384932,2,0.4,DISTRACTED,31
vehicle_001,0cb2e1b2-c2b7-42e7-9635-fe918600de7f,2026-02-21T03:52:02.644004,0.27989991011362814,-12.716672913516273,176.9122581743127,2,0.4,DISTRACTED,32
vehicle_001,0cb2e1b2-c2b7-42e7-9635-fe918600de7f,2026-02-21T03:52:03.661622,0.28481106406163526,-13.069171803373123,174.5098847421641,2,0.4,DISTRACTED,33
vehicle_001,0cb2e1b2-c2b7-42e7-9635-fe918600de7f,2026-02-21T03:52:04.686731,0.2729049395687977,-10.881156148789948,177.09478122476443,2,0.4,DISTRACTED,34
vehicle_001,0cb2e1b2-c2b7-42e7-9635-fe918600de7f,2026-02-21T03:52:05.712057,0.2878471112282301,-12.373193766195197,176.570851572595,2,0.4,DISTRACTED,35
vehicle_001,0cb2e1b2-c2b7-42e7-9635-fe918600de7f,2026-02-21T03:52:06.735997,0.28351648591059475,-13.727855421448298,177.77633145625637,2,0.4,DISTRACTED,36
vehicle_001,0cb2e1b2-c2b7-42e7-9635-fe918600de7f,2026-02-21T03:52:07.763396,0.2870043977812809,-12.556935268779386,177.05815673829017,2,0.4,DISTRACTED,37
vehicle_001,0cb2e1b2-c2b7-42e7-9635-fe918600de7f,2026-02-21T03:52:08.789250,0.288136310964556,-12.994898391378445,177.3693610853607,2,0.4,DISTRACTED,38
vehicle_001,0cb2e1b2-c2b7-42e7-9635-fe918600de7f,2026-02-21T03:52:09.812762,0.28312331159187965,-11.153401697367423,173.24306750638772,2,0.4,DISTRACTED,39
vehicle_001,0cb2e1b2-c2b7-42e7-9635-fe918600de7f,2026-02-21T03:52:10.838396,0.28102983179509256,-5.290784775226939,172.24633144001015,2,0.4,DISTRACTED,40
vehicle_001,0cb2e1b2-c2b7-42e7-9635-fe918600de7f,2026-02-21T03:52:11.898334,0.2817260922772198,-3.496142161302256,172.54172515253214,2,0.4,DISTRACTED,41
vehicle_001,0cb2e1b2-c2b7-42e7-9635-fe918600de7f,2026-02-21T03:52:12.924409,0.2664194674398492,-4.137058727708937,172.14962837933905,2,0.4,DISTRACTED,42
vehicle_001,0cb2e1b2-c2b7-42e7-9635-fe918600de7f,2026-02-21T03:52:13.957613,0.268999157779362,4.052997179016279,172.00728159360824,2,0.4,DISTRACTED,43
vehicle_001,0cb2e1b2-c2b7-42e7-9635-fe918600de7f,2026-02-21T03:52:15.017001,0.2632431026393175,1.7408873582757136,171.08000374258856,2,0.4,DISTRACTED,44
vehicle_001,0cb2e1b2-c2b7-42e7-9635-fe918600de7f,2026-02-21T03:52:16.039560,0.2660000165813759,3.676786112888547,170.45078178851801,2,0.4,DISTRACTED,45
vehicle_001,0cb2e1b2-c2b7-42e7-9635-fe918600de7f,2026-02-21T03:52:17.062724,0.2553175743914918,-1.8210665561817032,171.80271652193764,2,0.4,DISTRACTED,46
vehicle_001,0cb2e1b2-c2b7-42e7-9635-fe918600de7f,2026-02-21T03:52:18.092685,0.26445494811532855,3.797330832902726,171.44982876124016,2,0.4,DISTRACTED,47
vehicle_001,0cb2e1b2-c2b7-42e7-9635-fe918600de7f,2026-02-21T03:52:19.124785,0.2603306278721057,-1.1516652589338596,171.8557540265208,2,0.4,DISTRACTED,48
vehicle_001,0cb2e1b2-c2b7-42e7-9635-fe918600de7f,2026-02-21T03:52:20.140067,0.26139341564508445,-4.849401549272945,170.72242194668254,2,0.4,DISTRACTED,49
vehicle_001,0cb2e1b2-c2b7-42e7-9635-fe918600de7f,2026-02-21T03:52:21.171795,0.24922382690395872,-2.4693239002346856,171.00437971995123,2,0.4,DISTRACTED,50
vehicle_001,0cb2e1b2-c2b7-42e7-9635-fe918600de7f,2026-02-21T03:52:22.234962,0.2552607464133976,-3.3716153853958755,169.27183146552494,2,0.4,DISTRACTED,51
vehicle_001,0cb2e1b2-c2b7-42e7-9635-fe918600de7f,2026-02-21T03:52:23.247676,0.2591002546469448,-2.530833478257548,158.79209675411468,2,0.4,DISTRACTED,52
vehicle_001,0cb2e1b2-c2b7-42e7-9635-fe918600de7f,2026-02-21T03:52:24.286663,0.2665533786672097,-10.250718751997244,169.7154149457282,2,0.4,DISTRACTED,53
vehicle_001,0cb2e1b2-c2b7-42e7-9635-fe918600de7f,2026-02-21T03:52:25.293669,0.2785572566037407,-6.647401306892589,172.36953059492532,2,0.4,DISTRACTED,54
vehicle_001,0cb2e1b2-c2b7-42e7-9635-fe918600de7f,2026-02-21T03:52:26.318458,0.27781231530414363,-2.47639381256567,173.01312603728445,2,0.4,DISTRACTED,55
vehicle_001,0cb2e1b2-c2b7-42e7-9635-fe918600de7f,2026-02-21T03:52:27.343075,0.2665028989730875,-2.354662305084802,173.00819247504072,2,0.4,DISTRACTED,56
vehicle_001,0cb2e1b2-c2b7-42e7-9635-fe918600de7f,2026-02-21T03:52:28.368888,0.27299903206876713,-3.7537608254986963,172.98456634793735,2,0.4,DISTRACTED,57
vehicle_001,0cb2e1b2-c2b7-42e7-9635-fe918600de7f,2026-02-21T03:52:29.394165,0.2670187232167852,-5.716612930508898,172.96362264092704,2,0.4,DISTRACTED,58
vehicle_001,0cb2e1b2-c2b7-42e7-9635-fe918600de7f,2026-02-21T03:52:30.421040,0.2652691103798517,-5.446775562534968,172.845229306997,2,0.4,DISTRACTED,59
vehicle_001,0cb2e1b2-c2b7-42e7-9635-fe918600de7f,2026-02-21T03:52:31.445049,0.2713697330817645,-8.024313893594512,172.5168927104757,2,0.4,DISTRACTED,60
vehicle_001,0cb2e1b2-c2b7-42e7-9635-fe918600de7f,2026-02-21T03:52:32.469227,0.2768955553390129,-7.525860288616834,172.7330307706699,2,0.4,DISTRACTED,61
vehicle_001,0cb2e1b2-c2b7-42e7-9635-fe918600de7f,2026-02-21T03:52:33.500429,0.2676323819618384,-7.1310636794668385,172.30987470127027,2,0.4,DISTRACTED,62
vehicle_001,0cb2e1b2-c2b7-42e7-9635-fe918600de7f,2026-02-21T03:52:34.525493,0.25676385274213437,-7.323137363494433,172.07127992686065,2,0.4,DISTRACTED,63
vehicle_001,0cb2e1b2-c2b7-42e7-9635-fe918600de7f,2026-02-21T03:52:35.555774,0.2486196294002595,-21.204214024137602,178.89904607307338,2,0.4,DISTRACTED,64
vehicle_001,0cb2e1b2-c2b7-42e7-9635-fe918600de7f,2026-02-21T03:52:36.570794,0.2477827341895607,-5.512839304545282,172.73614167765353,2,0.4,DISTRACTED,65
vehicle_001,0cb2e1b2-c2b7-42e7-9635-fe918600de7f,2026-02-21T03:52:37.594707,0.24152404744020806,-7.103943084238208,173.0702667398314,2,0.4,DISTRACTED,66
vehicle_001,0cb2e1b2-c2b7-42e7-9635-fe918600de7f,2026-02-21T03:52:38.618955,0.2604914920015079,-7.588905352085439,173.19926130701927,2,0.4,DISTRACTED,67
vehicle_001,0cb2e1b2-c2b7-42e7-9635-fe918600de7f,2026-02-21T03:52:39.644068,0.2557887120343209,-6.187089125984861,173.2991226967247,2,0.4,DISTRACTED,68
vehicle_001,e485d48c-c4c9-4d40-9fa4-9fe6dfd34240,2026-02-21T03:53:47.267152,0,0,0,0,0,NO FACE,69
vehicle_001,e485d48c-c4c9-4d40-9fa4-9fe6dfd34240,2026-02-21T03:53:48.291711,0.3068024487789042,5.734150567180995,173.02129236852443,0,0.4,DISTRACTED,70
vehicle_001,e485d48c-c4c9-4d40-9fa4-9fe6dfd34240,2026-02-21T03:53:49.313302,0.3092180492944987,2.765755165763695,173.34430833700483,0,0.4,DISTRACTED,71
vehicle_001,e485d48c-c4c9-4d40-9fa4-9fe6dfd34240,2026-02-21T03:53:50.337737,0.3170490691748655,-5.611843162777779,173.48799852996135,0,0.4,DISTRACTED,72
vehicle_001,e485d48c-c4c9-4d40-9fa4-9fe6dfd34240,2026-02-21T03:53:51.352684,0.31203885234688533,-10.008818753271388,173.95272343826582,0,0.4,DISTRACTED,73
vehicle_001,e485d48c-c4c9-4d40-9fa4-9fe6dfd34240,2026-02-21T03:53:52.377769,0.3210740830855694,-26.763704507747207,170.9387788998995,0,0.4,DISTRACTED,74
vehicle_001,e485d48c-c4c9-4d40-9fa4-9fe6dfd34240,2026-02-21T03:53:53.403659,0.28948877635437953,-13.25128104437125,169.02500038399265,0,0.4,DISTRACTED,75
vehicle_001,e485d48c-c4c9-4d40-9fa4-9fe6dfd34240,2026-02-21T03:53:54.428646,0.32338353339979986,-16.428932379223124,171.05765987587785,0,0.4,DISTRACTED,76
vehicle_001,e485d48c-c4c9-4d40-9fa4-9fe6dfd34240,2026-02-21T03:53:55.454796,0.29014434629526853,-3.992154402325051,170.8128869344855,0,0.4,DISTRACTED,77
vehicle_001,e485d48c-c4c9-4d40-9fa4-9fe6dfd34240,2026-02-21T03:53:56.483214,0.2950932437874847,-3.566041857300662,171.77202845354162,0,0.4,DISTRACTED,78
vehicle_001,e485d48c-c4c9-4d40-9fa4-9fe6dfd34240,2026-02-21T03:53:57.503190,0.2890520450349148,-16.234926899195663,176.2122768680225,0,0.4,DISTRACTED,79
vehicle_001,e485d48c-c4c9-4d40-9fa4-9fe6dfd34240,2026-02-21T03:53:58.551155,0.2933986901650021,-3.9972901068894724,172.14829034206755,0,0.4,DISTRACTED,80
vehicle_001,e485d48c-c4c9-4d40-9fa4-9fe6dfd34240,2026-02-21T03:53:59.553544,0.30338554890587144,-1.9717431894396342,172.66923962903198,0,0.4,DISTRACTED,81
vehicle_001,e485d48c-c4c9-4d40-9fa4-9fe6dfd34240,2026-02-21T03:54:00.596846,0.2964408244617758,-5.028541270016831,172.7385571878548,0,0.4,DISTRACTED,82
vehicle_001,e485d48c-c4c9-4d40-9fa4-9fe6dfd34240,2026-02-21T03:54:01.604680,0.2961997503333455,-27.294793105571614,177.6134444480186,0,0.4,DISTRACTED,83
vehicle_001,e485d48c-c4c9-4d40-9fa4-9fe6dfd34240,2026-02-21T03:54:02.630170,0.29255661772196806,38.84783600857668,-25.114203565992803,0,0.4,DISTRACTED,84
vehicle_001,e485d48c-c4c9-4d40-9fa4-9fe6dfd34240,2026-02-21T03:54:03.654295,0.30473760480529627,-5.081681987267614,172.3797286795256,0,0.4,DISTRACTED,85
vehicle_001,e485d48c-c4c9-4d40-9fa4-9fe6dfd34240,2026-02-21T03:54:04.679788,0.30327190360667833,-2.7223906860301916,172.82486766528908,0,0.4,DISTRACTED,86
vehicle_001,e485d48c-c4c9-4d40-9fa4-9fe6dfd34240,2026-02-21T03:54:05.680612,0.28800340260747,6.521006500623271,172.75008402228804,0,0.4,DISTRACTED,87
vehicle_001,e485d48c-c4c9-4d40-9fa4-9fe6dfd34240,2026-02-21T03:54:06.746309,0.3117395508780638,-15.402601350980039,173.84485022108296,0,0.4,DISTRACTED,88
vehicle_001,e485d48c-c4c9-4d40-9fa4-9fe6dfd34240,2026-02-21T03:54:07.805722,0.3259926421906096,-13.97316073771739,171.56930782637394,0,0.4,DISTRACTED,89
vehicle_001,e485d48c-c4c9-4d40-9fa4-9fe6dfd34240,2026-02-21T03:54:08.823556,0.3043281098814936,4.996600771954366,170.61413762218973,0,0.4,DISTRACTED,90
vehicle_001,e485d48c-c4c9-4d40-9fa4-9fe6dfd34240,2026-02-21T03:54:09.845168,0.28780927789650335,4.969234968613055,171.69310791884143,0,0.4,DISTRACTED,91
vehicle_001,e485d48c-c4c9-4d40-9fa4-9fe6dfd34240,2026-02-21T03:54:10.863512,0.2786777275889625,-1.4826719506226353,170.92534264803732,0,0.4,DISTRACTED,92
vehicle_001,e485d48c-c4c9-4d40-9fa4-9fe6dfd34240,2026-02-21T03:54:11.889552,0.2530477829494562,-21.078078600756243,175.89744685795486,0,0.4,DISTRACTED,93
vehicle_001,e485d48c-c4c9-4d40-9fa4-9fe6dfd34240,2026-02-21T03:54:12.915575,0.26895899743155455,-15.003735393522518,171.71243494961814,0,0.4,DISTRACTED,94
vehicle_001,e485d48c-c4c9-4d40-9fa4-9fe6dfd34240,2026-02-21T03:54:13.956716,0.26925443268449845,-14.104598200349365,171.30652177052923,0,0.4,DISTRACTED,95
vehicle_001,e485d48c-c4c9-4d40-9fa4-9fe6dfd34240,2026-02-21T03:54:14.966038,0.2691851650592465,-14.393016437093275,171.9495800170978,0,0.4,DISTRACTED,96
vehicle_001,e485d48c-c4c9-4d40-9fa4-9fe6dfd34240,2026-02-21T03:54:15.991037,0.26202719644918315,-12.675655539378042,171.72777748002102,0,0.4,DISTRACTED,97
vehicle_001,e485d48c-c4c9-4d40-9fa4-9fe6dfd34240,2026-02-21T03:54:16.996542,0.2686717358836712,-14.112248645446822,172.31652538097416,0,0.4,DISTRACTED,98
vehicle_001,e485d48c-c4c9-4d40-9fa4-9fe6dfd34240,2026-02-21T03:54:18.009645,0.2570065631137189,-15.250672935705513,172.5761310400399,0,0.4,DISTRACTED,99
vehicle_001,e485d48c-c4c9-4d40-9fa4-9fe6dfd34240,2026-02-21T03:54:19.076897,0.25881236839991634,-14.130346888080897,172.50698749275503,0,0.4,DISTRACTED,100
vehicle_001,e485d48c-c4c9-4d40-9fa4-9fe6dfd34240,2026-02-21T03:54:20.134047,0.2738944496191228,-10.742557273872299,167.06430942020032,0,0.4,DISTRACTED,101
vehicle_001,e485d48c-c4c9-4d40-9fa4-9fe6dfd34240,2026-02-21T03:54:21.200027,0.269995276316496,-1.8578439005771672,162.03606504353763,0,0.4,DISTRACTED,102
vehicle_001,e485d48c-c4c9-4d40-9fa4-9fe6dfd34240,2026-02-21T03:54:22.255898,0.24128091111542083,0.0620223449241421,164.07563184499554,0,0.4,DISTRACTED,103
vehicle_001,e485d48c-c4c9-4d40-9fa4-9fe6dfd34240,2026-02-21T03:54:23.272125,0.29238831772229706,10.295999224211101,171.76869524663954,0,0.4,DISTRACTED,104
vehicle_001,e485d48c-c4c9-4d40-9fa4-9fe6dfd34240,2026-02-21T03:54:24.300796,0.27482104934414975,7.92916999673482,170.32751286289997,0,0.4,DISTRACTED,105
vehicle_001,e485d48c-c4c9-4d40-9fa4-9fe6dfd34240,2026-02-21T03:54:25.325502,0.2804730397957256,4.297228288840903,170.43565272203298,0,0.4,DISTRACTED,106
vehicle_001,e485d48c-c4c9-4d40-9fa4-9fe6dfd34240,2026-02-21T03:54:26.345446,0.2825444754293762,2.6977346866080163,171.8455176829473,0,0.4,DISTRACTED,107
vehicle_001,e485d48c-c4c9-4d40-9fa4-9fe6dfd34240,2026-02-21T03:54:27.371587,0.2877745725937234,-15.54399333936811,173.34318395461878,0,0.4,DISTRACTED,108
vehicle_001,e485d48c-c4c9-4d40-9fa4-9fe6dfd34240,2026-02-21T03:54:28.396591,0.28708297754428574,-15.764365901220568,172.24869546769725,0,0.4,DISTRACTED,109
vehicle_001,e485d48c-c4c9-4d40-9fa4-9fe6dfd34240,2026-02-21T03:54:29.422873,0.2793679257343347,-13.541299725807484,173.81779428645984,0,0.4,DISTRACTED,110
vehicle_001,e485d48c-c4c9-4d40-9fa4-9fe6dfd34240,2026-02-21T03:54:30.449797,0.27581633697887464,-12.895458314679344,173.9004235783369,0,0.4,DISTRACTED,111
vehicle_001,e485d48c-c4c9-4d40-9fa4-9fe6dfd34240,2026-02-21T03:54:31.472462,0.2858574712577042,-12.243037005553077,173.719447899481,0,0.4,DISTRACTED,112
vehicle_001,e485d48c-c4c9-4d40-9fa4-9fe6dfd34240,2026-02-21T03:54:32.501728,0.2914565254278561,-12.544072391912579,173.7934316029592,0,0.4,DISTRACTED,113
vehicle_001,e485d48c-c4c9-4d40-9fa4-9fe6dfd34240,2026-02-21T03:54:33.523739,0.16512323000366813,-10.239913316176239,173.4335600355899,0,0.4,DISTRACTED,114
vehicle_001,e485d48c-c4c9-4d40-9fa4-9fe6dfd34240,2026-02-21T03:54:34.546863,0.2737452531982366,-9.946583633695056,173.68538418120127,0,0.4,DISTRACTED,115
vehicle_001,e485d48c-c4c9-4d40-9fa4-9fe6dfd34240,2026-02-21T03:54:35.572680,0,0,0,0,0,NO FACE,116
vehicle_001,e485d48c-c4c9-4d40-9fa4-9fe6dfd34240,2026-02-21T03:54:36.592191,0,0,0,0,0,NO FACE,117
vehicle_001,e485d48c-c4c9-4d40-9fa4-9fe6dfd34240,2026-02-21T03:54:37.617420,0,0,0,0,0,NO FACE,118
vehicle_001,e485d48c-c4c9-4d40-9fa4-9fe6dfd34240,2026-02-21T03:54:38.646740,0,0,0,0,0,NO FACE,119
vehicle_001,e485d48c-c4c9-4d40-9fa4-9fe6dfd34240,2026-02-21T03:54:39.670950,0,0,0,0,0,NO FACE,120
vehicle_001,e485d48c-c4c9-4d40-9fa4-9fe6dfd34240,2026-02-21T03:54:40.672593,0.3402130620671636,40.68998651511889,165.52213898330697,0,0.4,DISTRACTED,121
vehicle_001,e485d48c-c4c9-4d40-9fa4-9fe6dfd34240,2026-02-21T03:54:41.687119,0.24190065117580642,-30.509318857988383,171.44283903444898,0,0.4,DISTRACTED,122
vehicle_001,e485d48c-c4c9-4d40-9fa4-9fe6dfd34240,2026-02-21T03:54:42.720475,0.30270412226948773,-37.88781830932274,133.7544545424813,0,0.4,DISTRACTED,123
vehicle_001,e485d48c-c4c9-4d40-9fa4-9fe6dfd34240,2026-02-21T03:54:43.735771,0,0,0,0,0,NO FACE,124
vehicle_001,e485d48c-c4c9-4d40-9fa4-9fe6dfd34240,2026-02-21T03:54:44.760741,0.2814255463094638,-18.21319688752489,155.97166030001006,0,0.4,DISTRACTED,125
vehicle_001,e485d48c-c4c9-4d40-9fa4-9fe6dfd34240,2026-02-21T03:54:45.785636,0.27657852643696457,37.80367339613922,164.3968044783791,0,0.4,DISTRACTED,126
vehicle_001,e485d48c-c4c9-4d40-9fa4-9fe6dfd34240,2026-02-21T03:54:46.811784,0.30365357294342576,28.101675689104532,163.05232565242548,0,0.4,DISTRACTED,127
vehicle_001,e485d48c-c4c9-4d40-9fa4-9fe6dfd34240,2026-02-21T03:54:47.838560,0.3491879275130578,30.375431361967884,-169.6893584512392,0,0.4,DISTRACTED,128
vehicle_001,e485d48c-c4c9-4d40-9fa4-9fe6dfd34240,2026-02-21T03:54:48.862034,0.3323128261054038,37.41583927011034,163.0815530452219,0,0.4,DISTRACTED,129
vehicle_001,e485d48c-c4c9-4d40-9fa4-9fe6dfd34240,2026-02-21T03:54:49.887426,0.31977693091000936,33.25408023260734,167.788558874286,0,0.4,DISTRACTED,130
vehicle_001,e485d48c-c4c9-4d40-9fa4-9fe6dfd34240,2026-02-21T03:54:50.912667,0.3554586464370072,33.39792662665734,166.39561157150948,0,0.4,DISTRACTED,131
vehicle_001,e485d48c-c4c9-4d40-9fa4-9fe6dfd34240,2026-02-21T03:54:51.936801,0.3675784437131936,32.62830025282593,167.58790790741205,0,0.4,DISTRACTED,132
vehicle_001,e485d48c-c4c9-4d40-9fa4-9fe6dfd34240,2026-02-21T03:54:52.963954,0.39302626236797206,32.81629094100824,164.70957516679238,0,0.4,DISTRACTED,133
vehicle_001,e485d48c-c4c9-4d40-9fa4-9fe6dfd34240,2026-02-21T03:54:53.989307,0.38934555904219537,34.34901909279276,166.2555446908682,0,0.4,DISTRACTED,134
vehicle_001,e485d48c-c4c9-4d40-9fa4-9fe6dfd34240,2026-02-21T03:54:55.016384,0.3961198953195327,34.2559206106189,165.86715638376577,0,0.4,DISTRACTED,135
vehicle_001,e485d48c-c4c9-4d40-9fa4-9fe6dfd34240,2026-02-21T03:54:56.045764,0.3249600299249056,33.99389165797397,166.24119268736652,0,0.4,DISTRACTED,136
vehicle_001,e485d48c-c4c9-4d40-9fa4-9fe6dfd34240,2026-02-21T03:54:57.067753,0.33813724132976253,34.307851979135094,166.0690830796276,0,0.4,DISTRACTED,137
vehicle_001,e485d48c-c4c9-4d40-9fa4-9fe6dfd34240,2026-02-21T03:54:58.135069,0.33890390341193166,33.64501380821181,166.1155724070523,0,0.4,DISTRACTED,138
vehicle_001,e485d48c-c4c9-4d40-9fa4-9fe6dfd34240,2026-02-21T03:54:59.159934,0.33820346568832027,33.08342706114574,165.96184050566222,0,0.4,DISTRACTED,139
vehicle_001,e485d48c-c4c9-4d40-9fa4-9fe6dfd34240,2026-02-21T03:55:00.187719,0.32961927129333396,31.691314527531667,166.90127948775495,0,0.4,DISTRACTED,140
vehicle_001,e485d48c-c4c9-4d40-9fa4-9fe6dfd34240,2026-02-21T03:55:01.209255,0.33369550074137244,31.802875074647254,167.1825839512871,0,0.4,DISTRACTED,141
vehicle_001,e485d48c-c4c9-4d40-9fa4-9fe6dfd34240,2026-02-21T03:55:02.229288,0.3008234447567615,14.522699748632231,172.4576415160731,0,0.4,DISTRACTED,142
vehicle_001,e485d48c-c4c9-4d40-9fa4-9fe6dfd34240,2026-02-21T03:55:03.256311,0.2854001192467072,-53.71417303601291,172.62288889190748,0,0.4,DISTRACTED,143
vehicle_001,e485d48c-c4c9-4d40-9fa4-9fe6dfd34240,2026-02-21T03:55:04.278002,0.2707912191254635,-0.6524593877646236,167.90831226393584,0,0.4,DISTRACTED,144
vehicle_001,e485d48c-c4c9-4d40-9fa4-9fe6dfd34240,2026-02-21T03:55:05.304479,0.3466751850039365,-12.624268781083405,138.5448231800811,0,0.4,DISTRACTED,145
vehicle_001,e485d48c-c4c9-4d40-9fa4-9fe6dfd34240,2026-02-21T03:55:06.334143,0.2701925971132918,-35.71706960819129,160.20900360839852,0,0.4,DISTRACTED,146
vehicle_001,e485d48c-c4c9-4d40-9fa4-9fe6dfd34240,2026-02-21T03:55:07.348855,0.24498063783725282,-15.696080522917034,172.24382767167782,1,0.4,DISTRACTED,147
vehicle_001,e485d48c-c4c9-4d40-9fa4-9fe6dfd34240,2026-02-21T03:55:08.373762,0.22815227593477094,-7.059770570348784,173.558863629081,2,0.4,DISTRACTED,148
vehicle_001,e485d48c-c4c9-4d40-9fa4-9fe6dfd34240,2026-02-21T03:55:09.397746,0.2324389542774432,-0.31331626216486796,167.92852611670884,2,0.4,DISTRACTED,149
vehicle_001,e485d48c-c4c9-4d40-9fa4-9fe6dfd34240,2026-02-21T03:55:10.423721,0.24836666525102685,2.179618203130896,173.4386003166938,2,0.4,DISTRACTED,150
vehicle_001,e485d48c-c4c9-4d40-9fa4-9fe6dfd34240,2026-02-21T03:55:11.448771,0.2704241765702401,8.04459971031012,169.34373762185325,2,0.4,DISTRACTED,151
vehicle_001,e485d48c-c4c9-4d40-9fa4-9fe6dfd34240,2026-02-21T03:55:12.473567,0.2737478432071028,12.805282454987566,172.7336903853034,2,0.4,DISTRACTED,152
vehicle_001,e485d48c-c4c9-4d40-9fa4-9fe6dfd34240,2026-02-21T03:55:13.501755,0.2829116688643569,-15.782404255974708,171.14721546314226,2,0.4,DISTRACTED,153
vehicle_001,e485d48c-c4c9-4d40-9fa4-9fe6dfd34240,2026-02-21T03:55:14.525951,0.283149051283071,-18.69261840078858,171.64512855895538,2,0.4,DISTRACTED,154
vehicle_001,e485d48c-c4c9-4d40-9fa4-9fe6dfd34240,2026-02-21T03:55:15.584329,0.24687113675151173,-11.520878771070237,173.1341478124739,2,0.4,DISTRACTED,155
vehicle_001,e485d48c-c4c9-4d40-9fa4-9fe6dfd34240,2026-02-21T03:55:16.625388,0.2650268512658349,-7.498680754746023,173.84516542753175,2,0.4,DISTRACTED,156
vehicle_001,e485d48c-c4c9-4d40-9fa4-9fe6dfd34240,2026-02-21T03:55:17.644301,0.32364740726661734,12.347669186135647,173.26613346673523,2,0.4,DISTRACTED,157
vehicle_001,e485d48c-c4c9-4d40-9fa4-9fe6dfd34240,2026-02-21T03:55:18.660216,0.25641741766485016,1.12271521108446,171.06805065575807,2,0.4,DISTRACTED,158
vehicle_001,e485d48c-c4c9-4d40-9fa4-9fe6dfd34240,2026-02-21T03:55:19.684524,0.2597246237408889,-0.18788290037670036,171.09221744025427,2,0.4,DISTRACTED,159
vehicle_001,e485d48c-c4c9-4d40-9fa4-9fe6dfd34240,2026-02-21T03:55:20.709593,0.2926324520798982,-8.596351781658559,172.28861944079512,2,0.4,DISTRACTED,160
vehicle_001,e485d48c-c4c9-4d40-9fa4-9fe6dfd34240,2026-02-21T03:55:21.732914,0.2784942995732992,-14.683568762911474,172.93975750907532,2,0.4,DISTRACTED,161
vehicle_001,e485d48c-c4c9-4d40-9fa4-9fe6dfd34240,2026-02-21T03:55:22.758468,0.26712273703656086,-9.642528831780403,174.42716194744256,2,0.4,DISTRACTED,162
vehicle_001,e485d48c-c4c9-4d40-9fa4-9fe6dfd34240,2026-02-21T03:55:23.783273,0.2514857757345037,-13.27169641643585,175.3165810384961,2,0.4,DISTRACTED,163
vehicle_001,e485d48c-c4c9-4d40-9fa4-9fe6dfd34240,2026-02-21T03:55:27.987564,0.25856381208333956,2.563807517160762,177.9292731017606,2,0.4,DISTRACTED,164
vehicle_001,e485d48c-c4c9-4d40-9fa4-9fe6dfd34240,2026-02-21T03:55:28.914516,0.2665756419265933,13.138302457699016,178.9333989493989,2,0.4,DISTRACTED,165
vehicle_001,e485d48c-c4c9-4d40-9fa4-9fe6dfd34240,2026-02-21T03:55:29.933744,0.24572225067798853,17.36744983120379,179.00880093948385,2,0.4,DISTRACTED,166
vehicle_001,e485d48c-c4c9-4d40-9fa4-9fe6dfd34240,2026-02-21T03:55:30.959579,0.2460286659769715,-5.309050391000959,178.93917922172193,2,0.4,DISTRACTED,167
vehicle_001,392d951a-f267-4862-8eca-0fc0fd1cc82f,2026-02-21T03:55:33.799617,0,0,0,0,0,NO FACE,168
vehicle_001,392d951a-f267-4862-8eca-0fc0fd1cc82f,2026-02-21T03:55:34.803844,0.23903230732834846,18.544228789548512,177.94587720268652,0,0.4,DISTRACTED,169
vehicle_001,392d951a-f267-4862-8eca-0fc0fd1cc82f,2026-02-21T03:55:35.821802,0.31750288363059853,-14.35532255541299,167.16072525342014,0,0.4,DISTRACTED,170
vehicle_001,392d951a-f267-4862-8eca-0fc0fd1cc82f,2026-02-21T03:55:36.848937,0.30503064566162996,-13.5961545831684,170.85721744848402,0,0.4,DISTRACTED,171
vehicle_001,392d951a-f267-4862-8eca-0fc0fd1cc82f,2026-02-21T03:55:37.874547,0.303865235165128,-17.478928148893488,170.493353279813,0,0.4,DISTRACTED,172
vehicle_001,392d951a-f267-4862-8eca-0fc0fd1cc82f,2026-02-21T03:55:38.898652,0.29454131522030813,-16.217122081563975,168.51178552430503,0,0.4,DISTRACTED,173
vehicle_001,392d951a-f267-4862-8eca-0fc0fd1cc82f,2026-02-21T03:55:39.936658,0.29293151258494055,-24.401796729618795,171.23635169573916,0,0.4,DISTRACTED,174
vehicle_001,392d951a-f267-4862-8eca-0fc0fd1cc82f,2026-02-21T03:55:41.003636,0.25416576331915164,-10.267627198038335,174.2563208138081,0,0.4,DISTRACTED,175
vehicle_001,392d951a-f267-4862-8eca-0fc0fd1cc82f,2026-02-21T03:55:42.059987,0.3343523591578659,-42.09316572483357,95.55486984164963,0,0.4,DISTRACTED,176
vehicle_001,392d951a-f267-4862-8eca-0fc0fd1cc82f,2026-02-21T03:55:43.123650,0.3254393369446174,-3.4364307429064254,172.82340826512217,0,0.4,DISTRACTED,177
vehicle_001,392d951a-f267-4862-8eca-0fc0fd1cc82f,2026-02-21T03:55:44.131338,0.3000994277990398,-9.357050688221143,173.94754592722143,0,0.4,DISTRACTED,178
vehicle_001,392d951a-f267-4862-8eca-0fc0fd1cc82f,2026-02-21T03:55:45.154523,0.3072511589581547,-11.659125386646878,174.87688125444396,0,0.4,DISTRACTED,179
vehicle_001,392d951a-f267-4862-8eca-0fc0fd1cc82f,2026-02-21T03:55:46.179824,0.31799564619400633,-17.250694117708925,172.1098874832323,0,0.4,DISTRACTED,180
vehicle_001,392d951a-f267-4862-8eca-0fc0fd1cc82f,2026-02-21T03:55:47.222074,0.3380279562059879,-39.60656985586526,177.4923077223878,0,0.4,DISTRACTED,181
vehicle_001,392d951a-f267-4862-8eca-0fc0fd1cc82f,2026-02-21T03:55:48.232274,0.33707636061929036,-1.3069162154492773,166.52728774810345,0,0.4,DISTRACTED,182
vehicle_001,392d951a-f267-4862-8eca-0fc0fd1cc82f,2026-02-21T03:55:49.260218,0.2972671983262973,13.558279660262983,174.79258864854575,0,0.4,DISTRACTED,183
vehicle_001,392d951a-f267-4862-8eca-0fc0fd1cc82f,2026-02-21T03:55:50.279312,0.27179934919419224,13.184798420023718,177.00114031183193,0,0.4,DISTRACTED,184
vehicle_001,392d951a-f267-4862-8eca-0fc0fd1cc82f,2026-02-21T03:55:51.302650,0.258993312581966,-8.427007949513094,-49.68194639899615,0,0.4,DISTRACTED,185
vehicle_001,392d951a-f267-4862-8eca-0fc0fd1cc82f,2026-02-21T03:55:52.329198,0.2644194249338378,-6.614308882863889,178.84664995780406,0,0.4,DISTRACTED,186
vehicle_001,392d951a-f267-4862-8eca-0fc0fd1cc82f,2026-02-21T03:55:53.355317,0.28041027354635417,-5.147028786672767,-179.1115944802117,0,0.4,DISTRACTED,187
vehicle_001,392d951a-f267-4862-8eca-0fc0fd1cc82f,2026-02-21T03:55:54.381357,0.2621334575198758,-8.624502738949957,156.80860735506965,0,0.4,DISTRACTED,188
vehicle_001,392d951a-f267-4862-8eca-0fc0fd1cc82f,2026-02-21T03:55:55.384652,0.2682791746192598,-8.094904326761078,178.9290650444928,0,0.4,DISTRACTED,189
vehicle_001,392d951a-f267-4862-8eca-0fc0fd1cc82f,2026-02-21T03:55:56.406253,0.25292448873256296,-9.261923435549262,178.2283691708424,0,0.4,DISTRACTED,190
vehicle_001,392d951a-f267-4862-8eca-0fc0fd1cc82f,2026-02-21T03:55:57.436561,0.26572448969360274,-11.930420109096243,177.85183148876237,0,0.4,DISTRACTED,191
vehicle_001,392d951a-f267-4862-8eca-0fc0fd1cc82f,2026-02-21T03:55:58.450366,0.26899660992612895,-8.606681881810891,176.85481772415147,0,0.4,DISTRACTED,192
vehicle_001,392d951a-f267-4862-8eca-0fc0fd1cc82f,2026-02-21T03:55:59.475673,0.2776162817022469,-9.4838033723574,177.75654828998827,0,0.4,DISTRACTED,193
vehicle_001,392d951a-f267-4862-8eca-0fc0fd1cc82f,2026-02-21T03:56:00.496387,0.31560829899874265,-31.060115936654846,137.37953642928403,0,0.4,DISTRACTED,194
vehicle_001,392d951a-f267-4862-8eca-0fc0fd1cc82f,2026-02-21T03:56:01.519442,0.2709171837711909,-19.99862461047628,164.99246062046993,0,0.4,DISTRACTED,195
vehicle_001,392d951a-f267-4862-8eca-0fc0fd1cc82f,2026-02-21T03:56:02.544200,0.3205605098781027,-20.223929869551576,128.79914873599668,0,0.4,DISTRACTED,196
vehicle_001,392d951a-f267-4862-8eca-0fc0fd1cc82f,2026-02-21T03:56:03.570171,0.31141397314105246,36.30051907837917,138.7797964408165,0,0.4,DISTRACTED,197
vehicle_001,392d951a-f267-4862-8eca-0fc0fd1cc82f,2026-02-21T03:56:04.595223,0.37038034550479276,-34.90803046182741,159.58007879188074,0,0.4,DISTRACTED,198
vehicle_001,392d951a-f267-4862-8eca-0fc0fd1cc82f,2026-02-21T03:56:05.598256,0,0,0,0,0,NO FACE,199
vehicle_001,d4d570d3-2a0d-499c-a10f-26193842deea,2026-02-21T05:07:42.239198,0,0,0,0,0,NO FACE,200
vehicle_001,d4d570d3-2a0d-499c-a10f-26193842deea,2026-02-21T05:07:43.255079,0.28436915407904584,-8.084499607187134,161.81794497349415,0,0,ATTENTIVE,201
vehicle_001,d4d570d3-2a0d-499c-a10f-26193842deea,2026-02-21T05:07:44.282491,0.3152913695633953,-9.236129264859695,175.5490369639014,0,0.4,DISTRACTED,202
vehicle_001,d4d570d3-2a0d-499c-a10f-26193842deea,2026-02-21T05:07:45.307398,0.33592759961734264,-9.945474256010584,179.15095179933076,0,0.4,DISTRACTED,203
vehicle_001,d4d570d3-2a0d-499c-a10f-26193842deea,2026-02-21T05:07:46.331661,0.26538081457553203,-11.494080847368945,177.93199316925748,0,0.4,DISTRACTED,204
vehicle_001,d4d570d3-2a0d-499c-a10f-26193842deea,2026-02-21T05:07:47.355875,0.3053910262492344,-13.93407049108794,176.31641633415418,0,0.4,DISTRACTED,205
vehicle_001,d4d570d3-2a0d-499c-a10f-26193842deea,2026-02-21T05:07:48.380345,0.30619492730224274,-16.083570085862195,178.90165559631478,0,0.4,DISTRACTED,206
vehicle_001,d4d570d3-2a0d-499c-a10f-26193842deea,2026-02-21T05:07:49.389420,0.31688536386059096,-17.494381841592578,179.59146389749725,0,0.4,DISTRACTED,207
vehicle_001,d4d570d3-2a0d-499c-a10f-26193842deea,2026-02-21T05:07:50.408136,0.3212985585643785,-15.845308943048218,179.20748788567175,0,0.4,DISTRACTED,208
vehicle_001,d4d570d3-2a0d-499c-a10f-26193842deea,2026-02-21T05:07:51.600145,0.28845433260696896,-10.569988105886505,177.7013975592861,0,0.4,DISTRACTED,209
vehicle_001,d4d570d3-2a0d-499c-a10f-26193842deea,2026-02-21T05:07:52.601128,0.2896122497926439,9.88872097458047,-178.69452347158045,0,0.4,DISTRACTED,210
vehicle_001,d4d570d3-2a0d-499c-a10f-26193842deea,2026-02-21T05:07:53.623185,0.31910033399718485,-3.022353296160759,-179.04409279546928,0,0.4,DISTRACTED,211
vehicle_001,d4d570d3-2a0d-499c-a10f-26193842deea,2026-02-21T05:07:54.652924,0.3145001128965814,-10.795618936778672,-179.32075874244518,0,0.4,DISTRACTED,212
vehicle_001,d4d570d3-2a0d-499c-a10f-26193842deea,2026-02-21T05:07:55.668289,0.27812148147896626,-10.568946106768749,-179.87110818890702,0,0.4,DISTRACTED,213
vehicle_001,d4d570d3-2a0d-499c-a10f-26193842deea,2026-02-21T05:07:56.692180,0.21295569147794868,-10.832406236207627,-179.28407247289744,0,0.4,DISTRACTED,214
vehicle_001,d4d570d3-2a0d-499c-a10f-26193842deea,2026-02-21T05:07:57.721289,0.2616668300727937,-8.214035852912723,147.47236796966644,0,0.4,DISTRACTED,215
vehicle_001,92fb866a-1bf8-45ba-bdb9-c6781cb4d76c,2026-02-21T05:10:09.083391,0,0,0,0,0,NO FACE,216
vehicle_001,92fb866a-1bf8-45ba-bdb9-c6781cb4d76c,2026-02-21T05:10:10.110474,0.31395379712914323,-3.0638122389833464,178.65368932508096,0,0,ATTENTIVE,217
vehicle_001,92fb866a-1bf8-45ba-bdb9-c6781cb4d76c,2026-02-21T05:10:11.126350,0.3275959948125686,-10.38240213646312,175.14196082634825,0,0.4,DISTRACTED,218
vehicle_001,92fb866a-1bf8-45ba-bdb9-c6781cb4d76c,2026-02-21T05:10:12.171216,0.34280037367500205,-50.01241338847217,132.2220737771153,0,0,ATTENTIVE,219
vehicle_001,92fb866a-1bf8-45ba-bdb9-c6781cb4d76c,2026-02-21T05:10:13.183195,0.3258719731271672,12.330544980840799,174.57948525905184,0,0.4,DISTRACTED,220
vehicle_001,92fb866a-1bf8-45ba-bdb9-c6781cb4d76c,2026-02-21T05:10:14.213559,0.27948343866492104,-7.245086804399307,172.80000139157536,0,0.4,DISTRACTED,221
vehicle_001,92fb866a-1bf8-45ba-bdb9-c6781cb4d76c,2026-02-21T05:10:15.279015,0.26483948814537567,41.22000769153807,165.5585529271458,0,0.4,DISTRACTED,222
vehicle_001,92fb866a-1bf8-45ba-bdb9-c6781cb4d76c,2026-02-21T05:10:16.329017,0.3061791388014299,18.627425432437015,170.0635464870339,0,0,ATTENTIVE,223
vehicle_001,92fb866a-1bf8-45ba-bdb9-c6781cb4d76c,2026-02-21T05:10:17.353088,0.2927360213387072,-13.848070229533963,170.1042047392026,0,0.4,DISTRACTED,224
vehicle_001,92fb866a-1bf8-45ba-bdb9-c6781cb4d76c,2026-02-21T05:10:18.381621,0.31364394621645464,-14.677605577104396,170.57113823735546,0,0.4,DISTRACTED,225
vehicle_001,92fb866a-1bf8-45ba-bdb9-c6781cb4d76c,2026-02-21T05:10:19.396978,0.31115225493639853,-23.430614890744817,169.0553333629228,0,0.4,DISTRACTED,226
vehicle_001,92fb866a-1bf8-45ba-bdb9-c6781cb4d76c,2026-02-21T05:10:20.422159,0.5965113974955174,-17.15696927366277,-2.125028768709056,0,0,ATTENTIVE,227
vehicle_001,92fb866a-1bf8-45ba-bdb9-c6781cb4d76c,2026-02-21T05:10:21.447341,0.23524872367721705,-6.773502143766134,165.60564823738946,0,0,ATTENTIVE,228
vehicle_001,92fb866a-1bf8-45ba-bdb9-c6781cb4d76c,2026-02-21T05:10:22.471980,0.282818185301999,26.95660242236531,156.27109588552355,1,0.4,DISTRACTED,229
vehicle_001,92fb866a-1bf8-45ba-bdb9-c6781cb4d76c,2026-02-21T05:10:23.498344,0,0,0,0,0,NO FACE,230
vehicle_001,92fb866a-1bf8-45ba-bdb9-c6781cb4d76c,2026-02-21T05:10:24.526114,0.2536338701466877,-5.366419636280089,168.8061890438602,2,0.4,DISTRACTED,231
vehicle_001,92fb866a-1bf8-45ba-bdb9-c6781cb4d76c,2026-02-21T05:10:25.554509,0.27001561216020176,-8.574329910306197,170.42415495338815,2,0.4,DISTRACTED,232
vehicle_001,92fb866a-1bf8-45ba-bdb9-c6781cb4d76c,2026-02-21T05:10:26.587331,0.27810085828909437,-10.197925212083831,172.05774724416884,2,0.4,DISTRACTED,233
vehicle_001,92fb866a-1bf8-45ba-bdb9-c6781cb4d76c,2026-02-21T05:10:27.606164,0.2512788810066617,-9.268941172411672,175.60028718233144,2,0.4,DISTRACTED,234
vehicle_001,92fb866a-1bf8-45ba-bdb9-c6781cb4d76c,2026-02-21T05:10:28.638534,0.34429010045968167,-33.735891102364064,169.74751440089355,2,0.4,DISTRACTED,235
vehicle_001,92fb866a-1bf8-45ba-bdb9-c6781cb4d76c,2026-02-21T05:10:29.656875,0.40596435397976194,-50.73312565889749,62.65247648626738,2,0.4,DISTRACTED,236
vehicle_001,92fb866a-1bf8-45ba-bdb9-c6781cb4d76c,2026-02-21T05:10:30.716124,0.3060956422489313,47.62703277509318,169.8548417918042,2,0.4,DISTRACTED,237
vehicle_001,92fb866a-1bf8-45ba-bdb9-c6781cb4d76c,2026-02-21T05:10:31.737764,0.29022877616090886,27.17496561386306,168.91426554852183,2,0.4,DISTRACTED,238
vehicle_001,92fb866a-1bf8-45ba-bdb9-c6781cb4d76c,2026-02-21T05:10:32.758110,0,0,0,0,0,NO FACE,239
vehicle_001,92fb866a-1bf8-45ba-bdb9-c6781cb4d76c,2026-02-21T05:10:33.784403,0.3190080118910814,-17.80440396293752,164.62970886449173,2,0.4,DISTRACTED,240
vehicle_001,92fb866a-1bf8-45ba-bdb9-c6781cb4d76c,2026-02-21T05:10:34.808112,0.3414042232396329,68.65608430265415,55.38973839349909,2,0.4,DISTRACTED,241
vehicle_001,92fb866a-1bf8-45ba-bdb9-c6781cb4d76c,2026-02-21T05:10:35.835284,0.5184607499127756,-10.84107525693054,52.054850006774295,2,0.4,DISTRACTED,242
vehicle_001,92fb866a-1bf8-45ba-bdb9-c6781cb4d76c,2026-02-21T05:10:36.859736,0.33588960851422633,-12.47555524462443,-171.8357932172882,2,0.4,DISTRACTED,243
vehicle_001,92fb866a-1bf8-45ba-bdb9-c6781cb4d76c,2026-02-21T05:10:37.887136,0.3164454620193734,-15.45661504654774,160.22267468237652,2,0.4,DISTRACTED,244
vehicle_001,92fb866a-1bf8-45ba-bdb9-c6781cb4d76c,2026-02-21T05:10:38.910095,0.4933008557778734,-34.3494996275639,-81.7100315850117,2,0.4,DISTRACTED,245
vehicle_001,92fb866a-1bf8-45ba-bdb9-c6781cb4d76c,2026-02-21T05:10:39.939395,0.2712659077109774,-2.419781950334435,168.8420762538099,2,0,ATTENTIVE,246
vehicle_001,92fb866a-1bf8-45ba-bdb9-c6781cb4d76c,2026-02-21T05:10:40.972508,0.33588108233769587,5.275060428649665,-168.7200798942893,2,0.4,DISTRACTED,247
vehicle_001,92fb866a-1bf8-45ba-bdb9-c6781cb4d76c,2026-02-21T05:10:41.998610,0.3332737550623057,14.021303107644592,171.5349548579024,2,0.4,DISTRACTED,248
vehicle_001,92fb866a-1bf8-45ba-bdb9-c6781cb4d76c,2026-02-21T05:10:43.020351,0.2931303963504398,6.188880127878554,156.40056104098898,2,0.4,DISTRACTED,249
vehicle_001,92fb866a-1bf8-45ba-bdb9-c6781cb4d76c,2026-02-21T05:10:44.043864,0,0,0,0,0,NO FACE,250
vehicle_001,92fb866a-1bf8-45ba-bdb9-c6781cb4d76c,2026-02-21T05:10:45.109869,0.32468701476790135,-12.478830198334713,169.14099422359445,2,0.4,DISTRACTED,251
vehicle_001,92fb866a-1bf8-45ba-bdb9-c6781cb4d76c,2026-02-21T05:10:46.119279,0.2313533567732417,-17.16882529137359,175.0397106599926,2,0.4,DISTRACTED,252
vehicle_001,92fb866a-1bf8-45ba-bdb9-c6781cb4d76c,2026-02-21T05:10:47.153798,0.4172671685593249,-38.42119781004491,-157.79833334908636,2,0.4,DISTRACTED,253
vehicle_001,92fb866a-1bf8-45ba-bdb9-c6781cb4d76c,2026-02-21T05:10:48.170052,0.3003990984305752,-13.71413803918236,175.0734869205943,2,0.4,DISTRACTED,254
vehicle_001,92fb866a-1bf8-45ba-bdb9-c6781cb4d76c,2026-02-21T05:10:49.194396,0,0,0,0,0,NO FACE,255
vehicle_001,92fb866a-1bf8-45ba-bdb9-c6781cb4d76c,2026-02-21T05:10:50.220222,0.2932445113907618,-10.205942639647974,169.49550855088796,2,0,ATTENTIVE,256
vehicle_001,92fb866a-1bf8-45ba-bdb9-c6781cb4d76c,2026-02-21T05:10:51.245991,0.24853006163366498,5.560870925429775,-146.57670814983067,2,0.4,DISTRACTED,257
vehicle_001,92fb866a-1bf8-45ba-bdb9-c6781cb4d76c,2026-02-21T05:10:52.270481,0,0,0,0,0,NO FACE,258
vehicle_001,92fb866a-1bf8-45ba-bdb9-c6781cb4d76c,2026-02-21T05:10:53.294323,0.2763509504301641,-2.8269698148792908,169.1913137737107,2,0.4,DISTRACTED,259
vehicle_001,92fb866a-1bf8-45ba-bdb9-c6781cb4d76c,2026-02-21T05:10:54.321222,0.25960324860641115,8.569449489288578,162.2291376512891,2,0.4,DISTRACTED,260
vehicle_001,92fb866a-1bf8-45ba-bdb9-c6781cb4d76c,2026-02-21T05:10:55.351899,0.22664768595046422,22.736542229548757,158.07990258945765,2,0.4,DISTRACTED,261
vehicle_001,92fb866a-1bf8-45ba-bdb9-c6781cb4d76c,2026-02-21T05:10:56.414225,0.25062516242075694,19.41847145548715,159.38096815683153,2,0.4,DISTRACTED,262
vehicle_001,92fb866a-1bf8-45ba-bdb9-c6781cb4d76c,2026-02-21T05:10:57.477328,0,0,0,0,0,NO FACE,263
vehicle_001,92fb866a-1bf8-45ba-bdb9-c6781cb4d76c,2026-02-21T05:10:58.540384,0.27498240142818986,-22.896033264370605,168.7684825592592,2,0.4,DISTRACTED,264
vehicle_001,92fb866a-1bf8-45ba-bdb9-c6781cb4d76c,2026-02-21T05:10:59.605962,0.21952018480322127,-21.535382294473052,166.42420401761242,2,0.4,DISTRACTED,265
vehicle_001,92fb866a-1bf8-45ba-bdb9-c6781cb4d76c,2026-02-21T05:11:00.656204,0.3035178578215775,-26.223135329332912,168.24192660181632,2,0.4,DISTRACTED,266
vehicle_001,92fb866a-1bf8-45ba-bdb9-c6781cb4d76c,2026-02-21T05:11:01.720665,0.4235076503564152,41.73363977690056,159.57206245127065,2,0.4,DISTRACTED,267
vehicle_001,92fb866a-1bf8-45ba-bdb9-c6781cb4d76c,2026-02-21T05:11:02.737055,0.43464793885125563,42.23253312255793,160.5987061437046,2,0.4,DISTRACTED,268
vehicle_001,92fb866a-1bf8-45ba-bdb9-c6781cb4d76c,2026-02-21T05:11:03.801293,0,0,0,0,0,NO FACE,269
vehicle_001,92fb866a-1bf8-45ba-bdb9-c6781cb4d76c,2026-02-21T05:11:04.831297,0.2654693174133872,17.89526188961758,170.28835283310892,2,0.4,DISTRACTED,270
vehicle_001,92fb866a-1bf8-45ba-bdb9-c6781cb4d76c,2026-02-21T05:11:05.843388,0.23898915379192834,2.1846669190215446,159.5003384954256,2,0.4,DISTRACTED,271
vehicle_001,92fb866a-1bf8-45ba-bdb9-c6781cb4d76c,2026-02-21T05:11:06.873209,0,0,0,0,0,NO FACE,272
vehicle_001,92fb866a-1bf8-45ba-bdb9-c6781cb4d76c,2026-02-21T05:11:07.891787,0,0,0,0,0,NO FACE,273
vehicle_001,92fb866a-1bf8-45ba-bdb9-c6781cb4d76c,2026-02-21T05:11:08.917898,0.33066172515580977,29.0613819034702,75.51144842012852,3,0.4,DISTRACTED,274
vehicle_001,92fb866a-1bf8-45ba-bdb9-c6781cb4d76c,2026-02-21T05:11:09.941531,0,0,0,0,0,NO FACE,275
vehicle_001,92fb866a-1bf8-45ba-bdb9-c6781cb4d76c,2026-02-21T05:11:10.971020,0,0,0,0,0,NO FACE,276
vehicle_001,92fb866a-1bf8-45ba-bdb9-c6781cb4d76c,2026-02-21T05:11:11.994172,0.3154061105297956,-11.162076054372406,120.96601156578502,3,0.4,DISTRACTED,277
vehicle_001,92fb866a-1bf8-45ba-bdb9-c6781cb4d76c,2026-02-21T05:11:13.022377,0.2995944065934682,-2.9719372422587425,176.89898629012723,3,0.4,DISTRACTED,278
vehicle_001,92fb866a-1bf8-45ba-bdb9-c6781cb4d76c,2026-02-21T05:11:14.026010,0.2381688073479555,-3.671511724092258,177.0650029933009,3,0.4,DISTRACTED,279
vehicle_001,781f640a-a754-4886-a049-78753681501a,2026-02-21T10:47:38,0,0,0,0,0,NO FACE,280
vehicle_001,781f640a-a754-4886-a049-78753681501a,2026-02-21T10:47:39,0.2738530033463147,-7.102493207659336,169.0633138499616,51.2036044203958,0.35015841198975506,DISTRACTED,281
vehicle_001,781f640a-a754-4886-a049-78753681501a,2026-02-21T10:47:40,0.3267441544456825,-11.522373895062955,173.30164938904286,35.567884912226944,0.2661184432425624,ATTENTIVE,282
vehicle_001,781f640a-a754-4886-a049-78753681501a,2026-02-21T10:47:41,0.3056160392758752,-10.765581682038487,177.23522996875843,27.318633390082002,0.22854280853830125,ATTENTIVE,283
vehicle_001,781f640a-a754-4886-a049-78753681501a,2026-02-21T10:47:42,0.30700066709270396,-10.943930505919264,177.57373961223405,22.123293698491842,0.19391010168264566,ATTENTIVE,284
vehicle_001,781f640a-a754-4886-a049-78753681501a,2026-02-21T10:47:43,0.4092523584559214,-17.08480577404915,-176.6229844322406,18.596076552142407,0.17583878389471963,ATTENTIVE,285
vehicle_001,781f640a-a754-4886-a049-78753681501a,2026-02-21T10:47:44,0.3501507718661884,-31.61216451973388,174.3221048220499,15.98770832297671,0.2875817401063681,ATTENTIVE,286
vehicle_001,781f640a-a754-4886-a049-78753681501a,2026-02-21T10:47:45,0.33977486586271893,24.840180652306408,179.1703197483064,14.07750957794502,0.23863740953077642,ATTENTIVE,287
vehicle_001,781f640a-a754-4886-a049-78753681501a,2026-02-21T10:47:46,0.34100022380135486,34.287524407042824,175.06590076880522,12.550382037278476,0.33139423966015036,DISTRACTED,288
vehicle_001,781f640a-a754-4886-a049-78753681501a,2026-02-21T10:47:47,0.22331443816668314,2.6364431585876242,172.37634650076092,11.350728042033078,0.19254702925641254,ATTENTIVE,289
vehicle_001,781f640a-a754-4886-a049-78753681501a,2026-02-21T10:47:48,0.11283087360242602,5.128181839737606,172.60307620616214,15.52122980610107,0.32010913411810854,DISTRACTED,290
vehicle_001,781f640a-a754-4886-a049-78753681501a,2026-02-21T10:47:49,0.3098511374776104,-0.30001988563213855,173.78820800710133,23.76943842396357,0.10701418056556741,ATTENTIVE,291
vehicle_001,781f640a-a754-4886-a049-78753681501a,2026-02-21T10:47:50,0.2949735851112668,5.856201347332389,174.25821111155045,30.774010148041977,0.22010252204242153,ATTENTIVE,292
vehicle_001,781f640a-a754-4886-a049-78753681501a,2026-02-21T10:47:51,0.3271624991956015,26.350266017585017,173.51854851641195,28.62646742303197,0.35116770389583696,DISTRACTED,293
vehicle_001,781f640a-a754-4886-a049-78753681501a,2026-02-21T10:47:52,0.3130337993629848,-23.122402292060528,175.47823213746318,26.75231500822931,0.3261283179821476,DISTRACTED,294
vehicle_001,781f640a-a754-4886-a049-78753681501a,2026-02-21T10:47:53,0.42408851322949126,14.639469833830972,-87.97651055145687,25.115142360292428,0.19756290314711372,ATTENTIVE,295
vehicle_001,781f640a-a754-4886-a049-78753681501a,2026-02-21T10:47:54,0.4129597731216502,-3.350880319658063,158.83191634141306,23.663912968118378,0.08754502262886087,ATTENTIVE,296
vehicle_001,781f640a-a754-4886-a049-78753681501a,2026-02-21T10:47:55,0.34991324337967317,-32.59179275989388,169.8069368799701,22.330571331565555,0.3386744504993911,DISTRACTED,297
vehicle_001,781f640a-a754-4886-a049-78753681501a,2026-02-21T10:47:56,0.31087638233613746,-15.558003426899024,173.3728815437061,21.13824082845416,0.22392767521924292,ATTENTIVE,298
vehicle_001,781f640a-a754-4886-a049-78753681501a,2026-02-21T10:47:57,0.28897773483288725,-16.56433252578971,173.35657578293882,22.935149627129192,0.26987924047410505,ATTENTIVE,299
vehicle_001,781f640a-a754-4886-a049-78753681501a,2026-02-21T10:47:58,0.25807903196803716,-0.7700894092259956,173.51628419624348,24.595044880510066,0.17586473995685886,ATTENTIVE,300
vehicle_001,781f640a-a754-4886-a049-78753681501a,2026-02-21T10:47:59,0.311541519392607,6.342866704015621,178.32138069752338,23.494055898182623,0.15696062595583724,ATTENTIVE,301
vehicle_001,781f640a-a754-4886-a049-78753681501a,2026-02-21T10:48:00,0.2790996081756645,-22.611372329537833,176.72731087564787,24.98318939059791,0.34857359142768995,DISTRACTED,302
vehicle_001,781f640a-a754-4886-a049-78753681501a,2026-02-21T10:48:01,0.3009735019363662,-22.82896088572025,177.01302662030542,28.75890339277096,0.35068040288172664,DISTRACTED,303
vehicle_001,781f640a-a754-4886-a049-78753681501a,2026-02-21T10:48:02,0.3067971253359482,-23.546779639541544,176.2042302631333,29.92369686564832,0.3581707342464649,DISTRACTED,304
vehicle_001,781f640a-a754-4886-a049-78753681501a,2026-02-21T10:48:03,0.32147233848190937,-23.485910913799195,176.20644252791274,28.77155316896789,0.3331770487618506,DISTRACTED,305
vehicle_001,781f640a-a754-4886-a049-78753681501a,2026-02-21T10:48:05,0.29795390146918077,-23.461388907505764,175.44183117345352,27.709305720084185,0.35275563944218363,DISTRACTED,306
vehicle_001,781f640a-a754-4886-a049-78753681501a,2026-02-21T10:48:06,0.32877195670051146,-21.474954326060352,174.47589852545343,26.74198027204624,0.2934289722923237,ATTENTIVE,307
vehicle_001,781f640a-a754-4886-a049-78753681501a,2026-02-21T10:48:07,0.2979081602912358,15.692962201499292,178.0446820069481,25.82764957334794,0.27121085893137714,ATTENTIVE,308
vehicle_001,781f640a-a754-4886-a049-78753681501a,2026-02-21T10:48:08,0.3215278175264879,8.44895913478488,176.36700099835318,24.9886219926434,0.17423230937274017,ATTENTIVE,309
vehicle_001,781f640a-a754-4886-a049-78753681501a,2026-02-21T10:48:09,0.31963451013268346,7.085885718194748,176.4492048961306,24.192772454261153,0.158974217514691,ATTENTIVE,310
vehicle_001,781f640a-a754-4886-a049-78753681501a,2026-02-21T10:48:10,0.2182123520315543,-2.3056064352430137,175.19370321827355,25.250790746508507,0.23944733922218653,ATTENTIVE,311
vehicle_001,781f640a-a754-4886-a049-78753681501a,2026-02-21T10:48:11,0.26358962536492436,-6.20856759171558,174.78352431881996,29.746719811963473,0.25225344676366396,ATTENTIVE,312
vehicle_001,781f640a-a754-4886-a049-78753681501a,2026-02-21T10:48:12,0.31545506851888816,-7.975957227376788,175.84949101404774,30.581141963055728,0.21425159902308666,ATTENTIVE,313
vehicle_001,781f640a-a754-4886-a049-78753681501a,2026-02-21T10:48:13,0.3078986012715952,-9.057067616616454,176.02256420370807,29.7184090393385,0.22674587889321474,ATTENTIVE,314
vehicle_001,781f640a-a754-4886-a049-78753681501a,2026-02-21T10:48:14,0.31686895445004415,-10.12089601853304,175.6545813208018,30.509636830282084,0.23122515109037772,ATTENTIVE,315
vehicle_001,781f640a-a754-4886-a049-78753681501a,2026-02-21T10:48:15,0.34236669976473216,-51.39312787218059,158.90793123604465,31.228281644463824,0.5169123159938744,DISTRACTED,316
vehicle_001,781f640a-a754-4886-a049-78753681501a,2026-02-21T10:48:16,0.31386905627517253,9.031943549449132,178.41356295266505,30.390551141317726,0.22418012405131008,ATTENTIVE,317
vehicle_001,781f640a-a754-4886-a049-78753681501a,2026-02-21T10:48:17,0.3368563523589341,25.926056247487885,176.52502981991117,29.619506263175847,0.342938519988632,DISTRACTED,318
vehicle_001,781f640a-a754-4886-a049-78753681501a,2026-02-21T10:48:18,0.3191786754765815,1.0016762529048462,175.11569010792084,28.863231687925705,0.13654970438478792,ATTENTIVE,319
vehicle_001,781f640a-a754-4886-a049-78753681501a,2026-02-21T10:48:19,0.23384778571088388,-13.543187349891932,167.7741884059871,28.168170256524498,0.34091707702374807,DISTRACTED,320
vehicle_001,781f640a-a754-4886-a049-78753681501a,2026-02-21T10:48:20,0.28526104130514374,-0.6310030520693118,166.70549337468668,33.00070311882113,0.1996009848427514,ATTENTIVE,321
vehicle_001,781f640a-a754-4886-a049-78753681501a,2026-02-21T10:48:21,0.31279644585250155,-17.496695996573816,165.49571040456883,33.58792677625934,0.32196404607508167,DISTRACTED,322
vehicle_001,ddea9c8c-157e-4f9d-8a06-9608ceac4f8c,2026-02-21T10:52:21,0,0,0,0,0,NO FACE,323
vehicle_001,ddea9c8c-157e-4f9d-8a06-9608ceac4f8c,2026-02-21T10:52:22,0.3311833477557332,-24.485850455163717,-177.64088029402592,25.54131971174218,0.30943221421286676,DISTRACTED,324
vehicle_001,ddea9c8c-157e-4f9d-8a06-9608ceac4f8c,2026-02-21T10:52:23,0.3229433421332214,-9.6620752068793,177.45643691144693,17.78580513770667,0.1353790419063058,ATTENTIVE,325
vehicle_001,ddea9c8c-157e-4f9d-8a06-9608ceac4f8c,2026-02-21T10:52:24,0.31030769950317855,-6.08761796249418,177.47287186054228,27.28168214005403,0.18135266973953296,ATTENTIVE,326
vehicle_001,ddea9c8c-157e-4f9d-8a06-9608ceac4f8c,2026-02-21T10:52:25,0.30974246294853613,-5.784697299927252,177.36444679569888,44.24491099090939,0.2923942186007397,ATTENTIVE,327
vehicle_001,ddea9c8c-157e-4f9d-8a06-9608ceac4f8c,2026-02-21T10:52:26,0.3132218926676559,-7.289135349545854,177.4322908863189,46.517759257544306,0.3068244368837215,DISTRACTED,328
vehicle_001,ddea9c8c-157e-4f9d-8a06-9608ceac4f8c,2026-02-21T10:52:27,0.30974939092373255,-6.541106177025377,177.60814124943238,40.13840909921737,0.2717332560999486,ATTENTIVE,329
vehicle_001,ddea9c8c-157e-4f9d-8a06-9608ceac4f8c,2026-02-21T10:52:28,0.32985481089516255,33.07464525958654,175.0272446067326,35.29822552450128,0.45234142351122686,DISTRACTED,330
vehicle_001,ddea9c8c-157e-4f9d-8a06-9608ceac4f8c,2026-02-21T10:52:29,0.3499302608454491,-26.829769704038277,157.66261797274575,31.494701216618054,0.3485312184820426,DISTRACTED,331
vehicle_001,ddea9c8c-157e-4f9d-8a06-9608ceac4f8c,2026-02-21T10:52:30,0.31961333867587793,-20.921003899515316,171.77685291315404,28.42622566844456,0.3102002631716203,DISTRACTED,332
vehicle_001,ddea9c8c-157e-4f9d-8a06-9608ceac4f8c,2026-02-21T10:52:31,0.30719351171287224,-18.080866608796306,174.28521812485252,25.89519265752657,0.28227513291683,ATTENTIVE,333
vehicle_001,ddea9c8c-157e-4f9d-8a06-9608ceac4f8c,2026-02-21T10:52:32,0.2826599782826825,-18.60869903541252,174.56906340948188,33.301897683806025,0.3643833341377206,DISTRACTED,334
vehicle_001,ddea9c8c-157e-4f9d-8a06-9608ceac4f8c,2026-02-21T10:52:33,0.31926354240775945,-19.997303878917972,174.52970914577995,30.81174209103144,0.31829280630267603,DISTRACTED,335
vehicle_001,ddea9c8c-157e-4f9d-8a06-9608ceac4f8c,2026-02-21T10:52:34,0.31544207887673786,-20.128663334693524,174.98310366434436,28.574492798881266,0.3089128375211647,DISTRACTED,336
vehicle_001,ddea9c8c-157e-4f9d-8a06-9608ceac4f8c,2026-02-21T10:52:35,0.32056169408275537,-20.24459871650747,175.02798811693066,26.648829858855002,0.2912546325080142,ATTENTIVE,337
vehicle_001,ddea9c8c-157e-4f9d-8a06-9608ceac4f8c,2026-02-21T10:52:36,0.292407839452761,-16.348730791076964,174.26330450642507,25.028195739357542,0.2779963017926107,ATTENTIVE,338
vehicle_001,a71c112f-d517-4afc-900d-fef0f8e6c93e,2026-02-21T10:53:23,0,0,0,0,0,NO FACE,339
vehicle_001,73df69de-3e9a-49b2-bed3-700ebe684df9,2026-02-21T10:54:28,0,0,0,0,0,NO FACE,340
vehicle_001,4ead1d9c-d0fe-4658-852c-af954fdbb5d8,2026-02-21T10:55:23,0,0,0,0,0,NO FACE,341
vehicle_001,76e41165-37f5-458a-9060-eec55b1d98bd,2026-02-21T11:19:02,0.26087380967966434,2.92237823792775,175.01194227599638,0,0.2278351986714874,ATTENTIVE,342
vehicle_001,76e41165-37f5-458a-9060-eec55b1d98bd,2026-02-21T11:19:03,0.26624192861121787,-0.24057900593092613,165.55649893251012,23.351338591488553,0.15353758082125119,ATTENTIVE,343
vehicle_001,76e41165-37f5-458a-9060-eec55b1d98bd,2026-02-21T11:19:04,0.2964930348608362,-1.867369754397784,168.31513349685014,16.687767342011174,0.08900144184328958,ATTENTIVE,344
vehicle_001,76e41165-37f5-458a-9060-eec55b1d98bd,2026-02-21T11:19:05,0.2897898805254227,0.2839426374158878,168.72309955483954,12.9995770433075,0.08467165271322716,ATTENTIVE,345
vehicle_001,76e41165-37f5-458a-9060-eec55b1d98bd,2026-02-21T11:19:06,0.27733623983390987,0.22274275591763892,168.66678233449613,10.624828378648125,0.11419204374984371,ATTENTIVE,346
vehicle_001,76e41165-37f5-458a-9060-eec55b1d98bd,2026-02-21T11:19:07,0.26587691743990727,-0.3887911338919869,168.77266438064092,9.00439453020175,0.13956729010510244,ATTENTIVE,347
vehicle_001,76e41165-37f5-458a-9060-eec55b1d98bd,2026-02-21T11:19:08,0.31248948087445083,23.33796661358616,167.61892524814533,7.803277399428458,0.29829590750615614,ATTENTIVE,348
vehicle_001,76e41165-37f5-458a-9060-eec55b1d98bd,2026-02-21T11:19:09,0.3009903372066994,26.416220767059798,167.06863170897415,6.8849707746458835,0.34492208929079143,DISTRACTED,349
vehicle_001,76e41165-37f5-458a-9060-eec55b1d98bd,2026-02-21T11:19:10,0.2814180056165593,2.8491345586941423,168.54368004828433,12.321788654826909,0.12155980497538332,ATTENTIVE,350
vehicle_001,76e41165-37f5-458a-9060-eec55b1d98bd,2026-02-21T11:19:11,0.15710591704590027,0.45892575751692755,168.93473997516807,16.722742224628014,0.23601466874997504,ATTENTIVE,351
vehicle_001,76e41165-37f5-458a-9060-eec55b1d98bd,2026-02-21T11:19:12,0.32666494368245935,-3.1333010786634077,169.27301515670354,25.449044378970008,0.1241804967949498,ATTENTIVE,352
vehicle_001,76e41165-37f5-458a-9060-eec55b1d98bd,2026-02-21T11:19:13,0.3265660867604357,-31.67395291567441,170.03687200969046,23.411799785904172,0.3644065285096199,DISTRACTED,353
vehicle_001,76e41165-37f5-458a-9060-eec55b1d98bd,2026-02-21T11:19:14,0.30543008514774517,-20.871699683031494,168.19651975571395,21.667236175318113,0.2809115061189459,ATTENTIVE,354
vehicle_001,76e41165-37f5-458a-9060-eec55b1d98bd,2026-02-21T11:19:15,0.2852707297571202,-10.536743905557824,170.5459897172849,24.208594001951663,0.2290268813558639,ATTENTIVE,355
vehicle_001,76e41165-37f5-458a-9060-eec55b1d98bd,2026-02-21T11:19:16,0.26225807293351233,-11.946681618962526,170.21632474022806,22.641387076409323,0.2574117940872705,ATTENTIVE,356
vehicle_001,76e41165-37f5-458a-9060-eec55b1d98bd,2026-02-21T11:19:17,0.29597016967991385,-9.998264876725061,170.7008007668447,24.81306026690826,0.21604224485894769,ATTENTIVE,357
vehicle_001,76e41165-37f5-458a-9060-eec55b1d98bd,2026-02-21T11:19:18,0.2917259010705283,-9.57473754755433,170.39884381567185,26.747806285369233,0.23002645697472163,ATTENTIVE,358
vehicle_001,76e41165-37f5-458a-9060-eec55b1d98bd,2026-02-21T11:19:19,0.2891230509563608,-10.408613034770713,170.10273434800615,25.29820285476071,0.23074934650179554,ATTENTIVE,359
vehicle_001,76e41165-37f5-458a-9060-eec55b1d98bd,2026-02-21T11:19:20,0.27904900724184456,-10.344666262898278,170.55367958462983,23.956762719604697,0.2327511893340349,ATTENTIVE,360
vehicle_001,76e41165-37f5-458a-9060-eec55b1d98bd,2026-02-21T11:19:21,0.2805306848095136,-10.75376132998411,170.0930437763844,22.79483156233074,0.22694803642357192,ATTENTIVE,361
vehicle_001,76e41165-37f5-458a-9060-eec55b1d98bd,2026-02-21T11:19:22,0.2786325505498667,-10.427905248977673,170.29215667615654,21.740883204287872,0.2191945118355238,ATTENTIVE,362
vehicle_001,76e41165-37f5-458a-9060-eec55b1d98bd,2026-02-21T11:19:23,0.27459405921213054,-10.429734438614183,170.64541198138974,20.78071150694325,0.21742504532169377,ATTENTIVE,363
vehicle_001,76e41165-37f5-458a-9060-eec55b1d98bd,2026-02-21T11:19:24,0.28338005976018443,-10.241243239387591,170.82041876791905,19.896757473336457,0.1998153976210331,ATTENTIVE,364
vehicle_001,76e41165-37f5-458a-9060-eec55b1d98bd,2026-02-21T11:19:25,0.2716831503253369,19.747256474038203,169.03874552821816,21.471686841200636,0.30818071865621277,DISTRACTED,365
vehicle_001,76e41165-37f5-458a-9060-eec55b1d98bd,2026-02-21T11:19:26,0.2828686570464448,4.117323592567224,169.4050792088836,20.63013839151107,0.15085422268140108,ATTENTIVE,366
vehicle_001,76e41165-37f5-458a-9060-eec55b1d98bd,2026-02-21T11:19:27,0.27179983404297225,-20.81447692469797,165.0247083588919,22.046284643739018,0.32136442185884523,DISTRACTED,367
vehicle_001,76e41165-37f5-458a-9060-eec55b1d98bd,2026-02-21T11:19:28,0.2953807210942125,-18.24677231074494,168.23228234440558,21.256149226272363,0.26632322619473425,ATTENTIVE,368
vehicle_001,76e41165-37f5-458a-9060-eec55b1d98bd,2026-02-21T11:19:29,0.30061431176270237,-18.546687319506837,169.3667940861766,20.51078420336147,0.2580387907527155,ATTENTIVE,369
vehicle_001,76e41165-37f5-458a-9060-eec55b1d98bd,2026-02-21T11:19:30,0.25366149837806085,-17.478721029957185,167.37882873689054,21.792660342584377,0.3107519561498584,DISTRACTED,370
